outcome,no_sfe,with_sfe,attrition
English,0.167356057722526,0.172349137617532,4.40613026819924
Math,0.171237445265148,0.185011251492387,4.40613026819924
Abstract,0.046287802916234,0.0459458850454715,4.40613026819924
Composite,0.173563120397065,0.187996866176935,4.40613026819924
New Modules,0.171382860468762,0.20051652368534,4.40613026819924
Conceptual,0.119603387962677,0.133754884213671,4.40613026819924
