outcome,no_sfe,with_sfe,attrition
Hours Worked,0.208237563465105,0.394139867205442,13.623595505618
