reg,Original,Theta,Attrition,ss,pct,avg_pct_chg,pct_1
Bags (1),-32.5212978677047,-0.860356086399106,10,1,3679.98114755227,2641.64835804864,97.3544841601987
Bags (2),-5.46665293054009,-0.668919983841905,10,1,717.235702713301,2641.64835804864,87.7636280857542
Bags (3),-5.92044249538349,10.5514431068353,10,1,156.110263169103,2641.64835804864,278.220515021687
Bags (4),-13.1479107870476,0.156354942501003,10,1,8509.01513999996,2641.64835804864,101.18919990433
Bags (5),-6.31949429846673,13.768100372835,10,1,145.899536808544,2641.64835804864,317.867122313497
