variable,Bags (1),Bags (2),Bags (3),Bags (4),Bags (5)
Original,-32.5212978677047,-5.46665293054009,-5.92044249538349,-13.1479107870476,-6.31949429846673
Theta,-0.860356086399106,-0.668919983841905,10.5514431068353,0.156354942501003,13.768100372835
Attrition,10,10,10,10,10
