Estimates,Profits,High Profit,Revenue,High Revenue,Number Employees,Any Worker,Owner's Hours,Monthly Consumption
Original,-95.5711781931053,-0.0110825427786144,-987.626755862163,-0.0238835123856883,-0.0312279877905607,0.0016435783047661,-0.649894192334898,-2.77666258532304
Theta,-84.8665728520669,-0.00906982028047873,-954.17657135287,-0.0235030121393759,-0.0340710320176436,0.000409832602394156,-0.714501435960424,-2.39948445212632
Attrition,2.08613728129206,2.08613728129206,2.15343203230148,2.15343203230148,1.78331090174966,1.78331090174966,1.8842530282638,0
