outcome,no_sfe,with_sfe,attrition
Adopted,0.0402174250660066,1.00000000000055,37.5412541254125
