outcome,no_sfe,with_sfe,attrition
Aspiration,0.0295105570122915,0.0289601364951057,47.7075338315492
Gender,0.179714423147886,0.174482142016608,5.8304719585269
Behaviour,0.196367948239465,0.196961397329965,5.91799636437083
